{"textures":{"0":"modelengine:entity/texture","particle":"#0"},"elements":[{"from":[11.375,-0.97411156,8.446875],"to":[13.375,5.0258884,13.446875],"faces":{"east":{"uv":[5.0,4.5,5.625,5.25],"tintindex":0,"rotation":0,"texture":"#0"},"south":{"uv":[7.5,6.0,7.75,6.75],"tintindex":0,"rotation":0,"texture":"#0"},"north":{"uv":[5.875,7.5,6.125,8.25],"tintindex":0,"rotation":0,"texture":"#0"},"west":{"uv":[0.0,5.25,0.625,6.0],"tintindex":0,"rotation":0,"texture":"#0"},"up":{"uv":[7.375,8.125,7.125,7.5],"tintindex":0,"rotation":0,"texture":"#0"},"down":{"uv":[2.75,7.625,2.5,8.25],"tintindex":0,"rotation":0,"texture":"#0"}}},{"from":[1.375,3.0258884,9.921875],"to":[3.375,9.025888,11.921875],"faces":{"east":{"uv":[0.25,7.5,0.5,8.25],"tintindex":0,"rotation":0,"texture":"#0"},"south":{"uv":[0.5,7.5,0.75,8.25],"tintindex":0,"rotation":0,"texture":"#0"},"north":{"uv":[0.0,7.5,0.25,8.25],"tintindex":0,"rotation":0,"texture":"#0"},"west":{"uv":[0.75,7.5,1.0,8.25],"tintindex":0,"rotation":0,"texture":"#0"},"up":{"uv":[6.5,3.75,6.25,3.5],"tintindex":0,"rotation":0,"texture":"#0"},"down":{"uv":[5.25,7.625,5.0,7.875],"tintindex":0,"rotation":0,"texture":"#0"}},"rotation":{"origin":[2.375,6.0258884,10.921875],"angle":22.5,"axis":"z"}},{"from":[3.375,-0.97411156,7.446875],"to":[11.375,11.025888,11.446875],"faces":{"east":{"uv":[2.0,4.25,2.5,5.75],"tintindex":0,"rotation":0,"texture":"#0"},"south":{"uv":[3.0,0.0,4.0,1.5],"tintindex":0,"rotation":0,"texture":"#0"},"north":{"uv":[2.0,1.75,3.0,3.25],"tintindex":0,"rotation":0,"texture":"#0"},"west":{"uv":[2.5,4.25,3.0,5.75],"tintindex":0,"rotation":0,"texture":"#0"},"up":{"uv":[4.0,5.5,3.0,5.0],"tintindex":0,"rotation":0,"texture":"#0"},"down":{"uv":[6.0,3.25,5.0,3.75],"tintindex":0,"rotation":0,"texture":"#0"}}},{"from":[11.375,4.0258884,8.921875],"to":[13.375,10.025888,10.921875],"faces":{"east":{"uv":[4.25,7.5,4.5,8.25],"tintindex":0,"rotation":0,"texture":"#0"},"south":{"uv":[4.5,7.5,4.75,8.25],"tintindex":0,"rotation":0,"texture":"#0"},"north":{"uv":[4.0,7.5,4.25,8.25],"tintindex":0,"rotation":0,"texture":"#0"},"west":{"uv":[7.5,5.25,7.75,6.0],"tintindex":0,"rotation":0,"texture":"#0"},"up":{"uv":[7.875,7.25,7.625,7.0],"tintindex":0,"rotation":0,"texture":"#0"},"down":{"uv":[7.875,7.25,7.625,7.5],"tintindex":0,"rotation":0,"texture":"#0"}},"rotation":{"origin":[12.375,7.0258884,9.921875],"angle":-22.5,"axis":"z"}},{"from":[11.375,3.0258884,10.921875],"to":[13.375,9.025888,12.921875],"faces":{"east":{"uv":[1.0,7.5,0.75,8.25],"tintindex":0,"rotation":0,"texture":"#0"},"south":{"uv":[0.75,7.5,0.5,8.25],"tintindex":0,"rotation":0,"texture":"#0"},"north":{"uv":[0.25,7.5,0.0,8.25],"tintindex":0,"rotation":0,"texture":"#0"},"west":{"uv":[0.5,7.5,0.25,8.25],"tintindex":0,"rotation":0,"texture":"#0"},"up":{"uv":[6.25,3.75,6.5,3.5],"tintindex":0,"rotation":0,"texture":"#0"},"down":{"uv":[5.0,7.625,5.25,7.875],"tintindex":0,"rotation":0,"texture":"#0"}},"rotation":{"origin":[12.375,6.0258884,10.921875],"angle":-22.5,"axis":"z"}},{"from":[3.375,-0.97411156,11.446875],"to":[11.375,7.0258884,14.446875],"faces":{"east":{"uv":[4.625,5.0,5.0,6.0],"tintindex":0,"rotation":0,"texture":"#0"},"south":{"uv":[3.0,2.5,4.0,3.5],"tintindex":0,"rotation":0,"texture":"#0"},"north":{"uv":[3.0,1.5,4.0,2.5],"tintindex":0,"rotation":0,"texture":"#0"},"west":{"uv":[0.625,5.25,1.0,6.25],"tintindex":0,"rotation":0,"texture":"#0"},"up":{"uv":[6.0,5.625,5.0,5.25],"tintindex":0,"rotation":0,"texture":"#0"},"down":{"uv":[4.0,5.5,3.0,5.875],"tintindex":0,"rotation":0,"texture":"#0"}}},{"from":[1.375,-0.97411156,8.446875],"to":[3.375,5.0258884,13.446875],"faces":{"east":{"uv":[5.0,3.75,5.625,4.5],"tintindex":0,"rotation":0,"texture":"#0"},"south":{"uv":[7.375,7.0,7.625,7.75],"tintindex":0,"rotation":0,"texture":"#0"},"north":{"uv":[3.5,7.375,3.75,8.125],"tintindex":0,"rotation":0,"texture":"#0"},"west":{"uv":[4.0,5.0,4.625,5.75],"tintindex":0,"rotation":0,"texture":"#0"},"up":{"uv":[6.875,8.125,6.625,7.5],"tintindex":0,"rotation":0,"texture":"#0"},"down":{"uv":[7.125,7.5,6.875,8.125],"tintindex":0,"rotation":0,"texture":"#0"}}},{"from":[2.375,7.0258884,9.446875],"to":[12.375,11.025888,13.446875],"faces":{"east":{"uv":[0.5,7.0,1.0,7.5],"tintindex":0,"rotation":0,"texture":"#0"},"south":{"uv":[5.0,0.5,6.25,1.0],"tintindex":0,"rotation":0,"texture":"#0"},"north":{"uv":[5.0,0.0,6.25,0.5],"tintindex":0,"rotation":0,"texture":"#0"},"west":{"uv":[7.0,2.75,7.5,3.25],"tintindex":0,"rotation":0,"texture":"#0"},"up":{"uv":[6.25,1.5,5.0,1.0],"tintindex":0,"rotation":0,"texture":"#0"},"down":{"uv":[6.25,1.5,5.0,2.0],"tintindex":0,"rotation":0,"texture":"#0"}},"rotation":{"origin":[7.375,9.525888,10.946875],"angle":45.0,"axis":"x"}}],"display":{"gui":{"rotation":[-150.0,-45.0,180.0]}}}