{"textures":{"0":"modelengine:entity/texture","particle":"#0"},"elements":[{"from":[2.0,8.0,1.0],"to":[14.0,9.0,15.0],"faces":{"east":{"uv":[7.375,1.5,9.125,1.625],"tintindex":0,"rotation":0,"texture":"#0"},"south":{"uv":[7.375,1.875,8.875,2.0],"tintindex":0,"rotation":0,"texture":"#0"},"north":{"uv":[7.375,1.75,8.875,1.875],"tintindex":0,"rotation":0,"texture":"#0"},"west":{"uv":[7.375,1.625,9.125,1.75],"tintindex":0,"rotation":0,"texture":"#0"},"up":{"uv":[1.5,1.75,0.0,0.0],"tintindex":0,"rotation":0,"texture":"#0"},"down":{"uv":[3.0,0.0,1.5,1.75],"tintindex":0,"rotation":0,"texture":"#0"}}},{"from":[3.9,7.9,3.9],"to":[12.1,11.1,12.1],"faces":{"east":{"uv":[5.625,4.125,6.625,4.5],"tintindex":0,"rotation":0,"texture":"#0"},"south":{"uv":[5.625,4.5,6.625,4.875],"tintindex":0,"rotation":0,"texture":"#0"},"north":{"uv":[5.625,3.75,6.625,4.125],"tintindex":0,"rotation":0,"texture":"#0"},"west":{"uv":[5.625,4.875,6.625,5.25],"tintindex":0,"rotation":0,"texture":"#0"},"up":{"uv":[5.0,3.0,4.0,2.0],"tintindex":0,"rotation":0,"texture":"#0"},"down":{"uv":[5.0,3.0,4.0,4.0],"tintindex":0,"rotation":0,"texture":"#0"}}}],"display":{"gui":{"rotation":[-150.0,-45.0,180.0]}}}