{"textures":{"0":"modelengine:entity/texture","particle":"#0"},"elements":[{"from":[4.0,8.0,4.0],"to":[12.0,16.0,12.0],"faces":{"east":{"uv":[1.0,3.25,2.0,4.25],"tintindex":0,"rotation":0,"texture":"#0"},"south":{"uv":[2.0,3.25,3.0,4.25],"tintindex":0,"rotation":0,"texture":"#0"},"north":{"uv":[0.0,3.25,1.0,4.25],"tintindex":0,"rotation":0,"texture":"#0"},"west":{"uv":[3.0,3.5,4.0,4.5],"tintindex":0,"rotation":0,"texture":"#0"},"up":{"uv":[5.0,1.0,4.0,0.0],"tintindex":0,"rotation":0,"texture":"#0"},"down":{"uv":[5.0,1.0,4.0,2.0],"tintindex":0,"rotation":0,"texture":"#0"}}}],"display":{"gui":{"rotation":[-150.0,-45.0,180.0]}}}