{"textures":{"0":"modelengine:entity/texture","particle":"#0"},"elements":[{"from":[6.0,3.0,6.0],"to":[10.0,9.0,10.0],"faces":{"east":{"uv":[6.5,2.25,7.0,3.0],"tintindex":0,"rotation":0,"texture":"#0"},"south":{"uv":[6.5,3.0,7.0,3.75],"tintindex":0,"rotation":0,"texture":"#0"},"north":{"uv":[1.5,6.5,2.0,7.25],"tintindex":0,"rotation":0,"texture":"#0"},"west":{"uv":[6.5,5.25,7.0,6.0],"tintindex":0,"rotation":0,"texture":"#0"},"up":{"uv":[7.625,4.75,7.125,4.25],"tintindex":0,"rotation":0,"texture":"#0"},"down":{"uv":[7.625,4.75,7.125,5.25],"tintindex":0,"rotation":0,"texture":"#0"}}}],"display":{"gui":{"rotation":[-150.0,-45.0,180.0]}}}