{"textures":{"0":"modelengine:entity/texture","particle":"#0"},"elements":[{"from":[5.0,4.0,6.0],"to":[9.0,10.0,10.0],"faces":{"east":{"uv":[4.875,6.375,5.375,7.125],"tintindex":0,"rotation":0,"texture":"#0"},"south":{"uv":[5.375,6.375,5.875,7.125],"tintindex":0,"rotation":0,"texture":"#0"},"north":{"uv":[6.375,1.5,6.875,2.25],"tintindex":0,"rotation":0,"texture":"#0"},"west":{"uv":[1.0,6.5,1.5,7.25],"tintindex":0,"rotation":0,"texture":"#0"},"up":{"uv":[3.5,7.625,3.0,7.125],"tintindex":0,"rotation":0,"texture":"#0"},"down":{"uv":[7.625,3.75,7.125,4.25],"tintindex":0,"rotation":0,"texture":"#0"}}}],"display":{"gui":{"rotation":[-150.0,-45.0,180.0]}}}