{"textures":{"0":"modelengine:entity/texture","particle":"#0"},"elements":[{"from":[6.0,3.0,6.0],"to":[10.0,9.0,10.0],"faces":{"east":{"uv":[6.25,0.0,6.75,0.75],"tintindex":0,"rotation":0,"texture":"#0"},"south":{"uv":[0.5,6.25,1.0,7.0],"tintindex":0,"rotation":0,"texture":"#0"},"north":{"uv":[6.0,6.0,6.5,6.75],"tintindex":0,"rotation":0,"texture":"#0"},"west":{"uv":[6.25,0.75,6.75,1.5],"tintindex":0,"rotation":0,"texture":"#0"},"up":{"uv":[7.375,7.5,6.875,7.0],"tintindex":0,"rotation":0,"texture":"#0"},"down":{"uv":[3.0,7.125,2.5,7.625],"tintindex":0,"rotation":0,"texture":"#0"}}}],"display":{"gui":{"rotation":[-150.0,-45.0,180.0]}}}