{"textures":{"0":"modelengine:entity/texture","particle":"#0"},"elements":[{"from":[6.0,2.0,6.0],"to":[10.0,8.0,10.0],"faces":{"east":{"uv":[6.625,3.75,7.125,4.5],"tintindex":0,"rotation":0,"texture":"#0"},"south":{"uv":[6.625,4.5,7.125,5.25],"tintindex":0,"rotation":0,"texture":"#0"},"north":{"uv":[6.5,6.0,7.0,6.75],"tintindex":0,"rotation":0,"texture":"#0"},"west":{"uv":[0.0,6.75,0.5,7.5],"tintindex":0,"rotation":0,"texture":"#0"},"up":{"uv":[5.375,7.625,4.875,7.125],"tintindex":0,"rotation":0,"texture":"#0"},"down":{"uv":[5.875,7.125,5.375,7.625],"tintindex":0,"rotation":0,"texture":"#0"}}}],"display":{"gui":{"rotation":[-150.0,-45.0,180.0]}}}