{"textures":{"0":"modelengine:entity/texture","particle":"#0"},"elements":[{"from":[6.0,3.0,6.0],"to":[10.0,9.0,10.0],"faces":{"east":{"uv":[6.75,0.75,7.25,1.5],"tintindex":0,"rotation":0,"texture":"#0"},"south":{"uv":[2.0,6.75,2.5,7.5],"tintindex":0,"rotation":0,"texture":"#0"},"north":{"uv":[6.75,0.0,7.25,0.75],"tintindex":0,"rotation":0,"texture":"#0"},"west":{"uv":[3.875,6.75,4.375,7.5],"tintindex":0,"rotation":0,"texture":"#0"},"up":{"uv":[7.75,0.5,7.25,0.0],"tintindex":0,"rotation":0,"texture":"#0"},"down":{"uv":[7.75,0.5,7.25,1.0],"tintindex":0,"rotation":0,"texture":"#0"}}}],"display":{"gui":{"rotation":[-150.0,-45.0,180.0]}}}