{"textures":{"0":"modelengine:entity/texture","particle":"#0"},"elements":[{"from":[6.0,2.0,6.0],"to":[10.0,8.0,10.0],"faces":{"east":{"uv":[5.875,6.75,6.375,7.5],"tintindex":0,"rotation":0,"texture":"#0"},"south":{"uv":[6.375,6.75,6.875,7.5],"tintindex":0,"rotation":0,"texture":"#0"},"north":{"uv":[4.375,6.75,4.875,7.5],"tintindex":0,"rotation":0,"texture":"#0"},"west":{"uv":[6.875,1.5,7.375,2.25],"tintindex":0,"rotation":0,"texture":"#0"},"up":{"uv":[1.5,7.75,1.0,7.25],"tintindex":0,"rotation":0,"texture":"#0"},"down":{"uv":[7.75,1.0,7.25,1.5],"tintindex":0,"rotation":0,"texture":"#0"}}}],"display":{"gui":{"rotation":[-150.0,-45.0,180.0]}}}