{"textures":{"0":"modelengine:entity/texture","particle":"#0"},"elements":[{"from":[7.0,4.0,6.0],"to":[11.0,10.0,10.0],"faces":{"east":{"uv":[6.0,2.75,6.5,3.5],"tintindex":0,"rotation":0,"texture":"#0"},"south":{"uv":[4.375,6.0,4.875,6.75],"tintindex":0,"rotation":0,"texture":"#0"},"north":{"uv":[0.0,6.0,0.5,6.75],"tintindex":0,"rotation":0,"texture":"#0"},"west":{"uv":[6.0,5.25,6.5,6.0],"tintindex":0,"rotation":0,"texture":"#0"},"up":{"uv":[7.5,6.25,7.0,5.75],"tintindex":0,"rotation":0,"texture":"#0"},"down":{"uv":[7.5,6.25,7.0,6.75],"tintindex":0,"rotation":0,"texture":"#0"}}}],"display":{"gui":{"rotation":[-150.0,-45.0,180.0]}}}