{"textures":{"0":"modelengine:entity/texture","particle":"#0"},"elements":[{"from":[6.0,3.0,6.0],"to":[10.0,9.0,10.0],"faces":{"east":{"uv":[5.5,5.625,6.0,6.375],"tintindex":0,"rotation":0,"texture":"#0"},"south":{"uv":[1.0,5.75,1.5,6.5],"tintindex":0,"rotation":0,"texture":"#0"},"north":{"uv":[5.0,5.625,5.5,6.375],"tintindex":0,"rotation":0,"texture":"#0"},"west":{"uv":[1.5,5.75,2.0,6.5],"tintindex":0,"rotation":0,"texture":"#0"},"up":{"uv":[7.5,3.75,7.0,3.25],"tintindex":0,"rotation":0,"texture":"#0"},"down":{"uv":[7.5,5.25,7.0,5.75],"tintindex":0,"rotation":0,"texture":"#0"}}}],"display":{"gui":{"rotation":[-150.0,-45.0,180.0]}}}