{"textures":{"0":"modelengine:entity/texture","particle":"#0"},"elements":[{"from":[4.0,8.0,6.0],"to":[12.0,20.0,10.0],"faces":{"east":{"uv":[1.0,4.25,1.5,5.75],"tintindex":0,"rotation":0,"texture":"#0"},"south":{"uv":[1.0,1.75,2.0,3.25],"tintindex":0,"rotation":0,"texture":"#0"},"north":{"uv":[0.0,1.75,1.0,3.25],"tintindex":0,"rotation":0,"texture":"#0"},"west":{"uv":[1.5,4.25,2.0,5.75],"tintindex":0,"rotation":0,"texture":"#0"},"up":{"uv":[4.0,5.0,3.0,4.5],"tintindex":0,"rotation":0,"texture":"#0"},"down":{"uv":[6.0,2.75,5.0,3.25],"tintindex":0,"rotation":0,"texture":"#0"}}},{"from":[4.0,7.0,5.0],"to":[7.0,11.0,6.0],"faces":{"east":{"uv":[6.25,1.5,6.375,2.0],"tintindex":0,"rotation":0,"texture":"#0"},"south":{"uv":[1.5,7.25,1.875,7.75],"tintindex":0,"rotation":0,"texture":"#0"},"north":{"uv":[3.5,6.875,3.875,7.375],"tintindex":0,"rotation":0,"texture":"#0"},"west":{"uv":[6.375,2.25,6.5,2.75],"tintindex":0,"rotation":0,"texture":"#0"},"up":{"uv":[8.0,5.25,7.625,5.125],"tintindex":0,"rotation":0,"texture":"#0"},"down":{"uv":[8.0,7.5,7.625,7.625],"tintindex":0,"rotation":0,"texture":"#0"}}},{"from":[3.9,7.9,5.9],"to":[12.1,10.1,8.1],"faces":{"east":{"uv":[4.375,5.75,4.625,6.0],"tintindex":0,"rotation":0,"texture":"#0"},"south":{"uv":[6.875,6.75,7.875,7.0],"tintindex":0,"rotation":0,"texture":"#0"},"north":{"uv":[2.5,6.875,3.5,7.125],"tintindex":0,"rotation":0,"texture":"#0"},"west":{"uv":[6.0,3.5,6.25,3.75],"tintindex":0,"rotation":0,"texture":"#0"},"up":{"uv":[8.0,2.5,7.0,2.25],"tintindex":0,"rotation":0,"texture":"#0"},"down":{"uv":[8.0,2.5,7.0,2.75],"tintindex":0,"rotation":0,"texture":"#0"}}}],"display":{"gui":{"rotation":[-150.0,-45.0,180.0]}}}