{"textures":{"0":"modelengine:entity/texture","particle":"#0"},"elements":[{"from":[7.5,6.9950485,3.1998596],"to":[8.5,8.9950485,8.19986],"faces":{"east":{"uv":[7.375,2.0,8.0,2.25],"tintindex":0,"rotation":0,"texture":"#0"},"south":{"uv":[1.875,7.25,2.0,7.5],"tintindex":0,"rotation":0,"texture":"#0"},"north":{"uv":[0.5,6.0,0.625,6.25],"tintindex":0,"rotation":0,"texture":"#0"},"west":{"uv":[7.5,3.5,8.125,3.75],"tintindex":0,"rotation":0,"texture":"#0"},"up":{"uv":[7.75,5.125,7.625,4.5],"tintindex":0,"rotation":0,"texture":"#0"},"down":{"uv":[5.0,7.625,4.875,8.25],"tintindex":0,"rotation":0,"texture":"#0"}},"rotation":{"origin":[8.375,7.9950485,7.1998596],"angle":22.5,"axis":"x"}},{"from":[7.0,4.9950485,8.19986],"to":[9.0,10.9950485,9.19986],"faces":{"east":{"uv":[3.875,5.875,4.0,6.625],"tintindex":0,"rotation":0,"texture":"#0"},"south":{"uv":[6.375,7.5,6.625,8.25],"tintindex":0,"rotation":0,"texture":"#0"},"north":{"uv":[6.125,7.5,6.375,8.25],"tintindex":0,"rotation":0,"texture":"#0"},"west":{"uv":[7.625,3.75,7.75,4.5],"tintindex":0,"rotation":0,"texture":"#0"},"up":{"uv":[3.0,5.875,2.75,5.75],"tintindex":0,"rotation":0,"texture":"#0"},"down":{"uv":[2.75,6.75,2.5,6.875],"tintindex":0,"rotation":0,"texture":"#0"}},"rotation":{"origin":[8.375,7.9950485,7.1998596],"angle":22.5,"axis":"x"}},{"from":[7.49,1.6274803,18.124174],"to":[8.51,4.647481,21.144175],"faces":{"east":{"uv":[2.75,7.625,3.125,8.0],"tintindex":0,"rotation":0,"texture":"#0"},"south":{"uv":[7.625,7.625,7.75,8.0],"tintindex":0,"rotation":0,"texture":"#0"},"north":{"uv":[5.75,7.625,5.875,8.0],"tintindex":0,"rotation":0,"texture":"#0"},"west":{"uv":[3.125,7.625,3.5,8.0],"tintindex":0,"rotation":0,"texture":"#0"},"up":{"uv":[7.875,0.375,7.75,0.0],"tintindex":0,"rotation":0,"texture":"#0"},"down":{"uv":[7.875,0.375,7.75,0.75],"tintindex":0,"rotation":0,"texture":"#0"}},"rotation":{"origin":[8.0,2.6374803,20.134174],"angle":-22.5,"axis":"x"}},{"from":[7.5,6.470049,9.19986],"to":[8.5,9.470049,20.19986],"faces":{"east":{"uv":[5.0,2.0,6.375,2.375],"tintindex":0,"rotation":0,"texture":"#0"},"south":{"uv":[5.875,6.375,6.0,6.75],"tintindex":0,"rotation":0,"texture":"#0"},"north":{"uv":[4.875,6.0,5.0,6.375],"tintindex":0,"rotation":0,"texture":"#0"},"west":{"uv":[5.0,2.375,6.375,2.75],"tintindex":0,"rotation":0,"texture":"#0"},"up":{"uv":[2.5,8.875,2.375,7.5],"tintindex":0,"rotation":0,"texture":"#0"},"down":{"uv":[4.875,7.5,4.75,8.875],"tintindex":0,"rotation":0,"texture":"#0"}},"rotation":{"origin":[8.375,7.9950485,7.1998596],"angle":22.5,"axis":"x"}}],"display":{"gui":{"rotation":[-150.0,-45.0,180.0]}}}