{"overrides":[{"predicate":{"custom_model_data":1},"model":"modelengine:internal_fire/fire_0"},{"predicate":{"custom_model_data":2},"model":"modelengine:internal_fire/fire_1"},{"predicate":{"custom_model_data":3},"model":"modelengine:warrior_hm5_npc/body"},{"predicate":{"custom_model_data":4},"model":"modelengine:warrior_hm5_npc/right_leg"},{"predicate":{"custom_model_data":5},"model":"modelengine:warrior_hm5_npc/left_leg"},{"predicate":{"custom_model_data":6},"model":"modelengine:warrior_hm5_npc/left_arm"},{"predicate":{"custom_model_data":7},"model":"modelengine:warrior_hm5_npc/right_arm"},{"predicate":{"custom_model_data":8},"model":"modelengine:warrior_hm5_npc/head"},{"predicate":{"custom_model_data":9},"model":"modelengine:warrior_hm5_npc/bow"},{"predicate":{"custom_model_data":10},"model":"modelengine:miner_hm5_npc/body"},{"predicate":{"custom_model_data":11},"model":"modelengine:miner_hm5_npc/left_leg"},{"predicate":{"custom_model_data":12},"model":"modelengine:miner_hm5_npc/right_leg"},{"predicate":{"custom_model_data":13},"model":"modelengine:miner_hm5_npc/bag"},{"predicate":{"custom_model_data":14},"model":"modelengine:miner_hm5_npc/right_arm"},{"predicate":{"custom_model_data":15},"model":"modelengine:miner_hm5_npc/head"},{"predicate":{"custom_model_data":16},"model":"modelengine:miner_hm5_npc/left_arm"},{"predicate":{"custom_model_data":17},"model":"modelengine:miner_hm5_npc/pickaxe"},{"predicate":{"custom_model_data":18},"model":"modelengine:farmer_hm5_npc/body"},{"predicate":{"custom_model_data":19},"model":"modelengine:farmer_hm5_npc/right_leg"},{"predicate":{"custom_model_data":20},"model":"modelengine:farmer_hm5_npc/left_leg"},{"predicate":{"custom_model_data":21},"model":"modelengine:farmer_hm5_npc/left_arm"},{"predicate":{"custom_model_data":22},"model":"modelengine:farmer_hm5_npc/right_arm"},{"predicate":{"custom_model_data":23},"model":"modelengine:farmer_hm5_npc/head"},{"predicate":{"custom_model_data":24},"model":"modelengine:farmer_hm5_npc/basket"},{"predicate":{"custom_model_data":25},"model":"modelengine:farmer_hm5_npc/hat"},{"predicate":{"custom_model_data":26},"model":"modelengine:farmer_hm5_npc/potato2"},{"predicate":{"custom_model_data":27},"model":"modelengine:farmer_hm5_npc/potato3"},{"predicate":{"custom_model_data":28},"model":"modelengine:farmer_hm5_npc/potato4"},{"predicate":{"custom_model_data":29},"model":"modelengine:farmer_hm5_npc/potato6"},{"predicate":{"custom_model_data":30},"model":"modelengine:farmer_hm5_npc/potato"},{"predicate":{"custom_model_data":31},"model":"modelengine:farmer_hm5_npc/potato5"},{"predicate":{"custom_model_data":32},"model":"modelengine:blacksmith_hm5_npc/body"},{"predicate":{"custom_model_data":33},"model":"modelengine:blacksmith_hm5_npc/anil"},{"predicate":{"custom_model_data":34},"model":"modelengine:blacksmith_hm5_npc/left_leg"},{"predicate":{"custom_model_data":35},"model":"modelengine:blacksmith_hm5_npc/right_leg"},{"predicate":{"custom_model_data":36},"model":"modelengine:blacksmith_hm5_npc/right_arm"},{"predicate":{"custom_model_data":37},"model":"modelengine:blacksmith_hm5_npc/head"},{"predicate":{"custom_model_data":38},"model":"modelengine:blacksmith_hm5_npc/left_arm"},{"predicate":{"custom_model_data":39},"model":"modelengine:blacksmith_hm5_npc/sword"},{"predicate":{"custom_model_data":40},"model":"modelengine:blacksmith_hm5_npc/hummer"},{"predicate":{"custom_model_data":41},"model":"modelengine:lumberjack_hm5_npc/body"},{"predicate":{"custom_model_data":42},"model":"modelengine:lumberjack_hm5_npc/left_leg"},{"predicate":{"custom_model_data":43},"model":"modelengine:lumberjack_hm5_npc/right_leg"},{"predicate":{"custom_model_data":44},"model":"modelengine:lumberjack_hm5_npc/right_arm"},{"predicate":{"custom_model_data":45},"model":"modelengine:lumberjack_hm5_npc/head"},{"predicate":{"custom_model_data":46},"model":"modelengine:lumberjack_hm5_npc/left_arm"},{"predicate":{"custom_model_data":47},"model":"modelengine:lumberjack_hm5_npc/log"},{"predicate":{"custom_model_data":48},"model":"modelengine:lumberjack_hm5_npc/right_eye"},{"predicate":{"custom_model_data":49},"model":"modelengine:lumberjack_hm5_npc/left_eye"},{"predicate":{"custom_model_data":50},"model":"modelengine:lumberjack_hm5_npc/axe"},{"predicate":{"custom_model_data":51},"model":"modelengine:adventure_npc/leftleg"},{"predicate":{"custom_model_data":52},"model":"modelengine:adventure_npc/waist"},{"predicate":{"custom_model_data":53},"model":"modelengine:adventure_npc/rightleg"},{"predicate":{"custom_model_data":54},"model":"modelengine:adventure_npc/leftforeleg"},{"predicate":{"custom_model_data":55},"model":"modelengine:adventure_npc/rightarm"},{"predicate":{"custom_model_data":56},"model":"modelengine:adventure_npc/weapon"},{"predicate":{"custom_model_data":57},"model":"modelengine:adventure_npc/leftarm"},{"predicate":{"custom_model_data":58},"model":"modelengine:adventure_npc/head"},{"predicate":{"custom_model_data":59},"model":"modelengine:adventure_npc/bag"},{"predicate":{"custom_model_data":60},"model":"modelengine:adventure_npc/rightforeleg"},{"predicate":{"custom_model_data":61},"model":"modelengine:adventure_npc/rightforearm"},{"predicate":{"custom_model_data":62},"model":"modelengine:adventure_npc/leftforearm"},{"predicate":{"custom_model_data":63},"model":"modelengine:adventure_npc/hat"},{"predicate":{"custom_model_data":64},"model":"modelengine:adventure_npc/mouth"},{"predicate":{"custom_model_data":65},"model":"modelengine:adventure_npc/map"},{"predicate":{"custom_model_data":66},"model":"modelengine:adventure_npc/mapleft"},{"predicate":{"custom_model_data":67},"model":"modelengine:adventure_npc/mapright"}],"parent":"minecraft:item/generated","textures":{"layer0":"minecraft:item/leather_horse_armor"}}