{"textures":{"0":"modelengine:entity/anvil","particle":"#0"},"elements":[{"from":[3.5,10.5,4.7],"to":[12.5,12.6,11.3],"faces":{"east":{"uv":[7.5,0.5,9.25,1.0],"tintindex":0,"rotation":0,"texture":"#0"},"south":{"uv":[7.5,0.0,9.75,0.5],"tintindex":0,"rotation":0,"texture":"#0"},"north":{"uv":[6.25,7.25,8.5,7.75],"tintindex":0,"rotation":0,"texture":"#0"},"west":{"uv":[7.5,6.0,9.25,6.5],"tintindex":0,"rotation":0,"texture":"#0"},"up":{"uv":[5.0,5.25,2.75,3.5],"tintindex":0,"rotation":0,"texture":"#0"},"down":{"uv":[2.25,4.5,0.0,6.25],"tintindex":0,"rotation":0,"texture":"#0"}}},{"from":[5.3,12.1,5.3],"to":[10.7,17.1,10.7],"faces":{"east":{"uv":[6.25,6.0,7.5,7.25],"tintindex":0,"rotation":0,"texture":"#0"},"south":{"uv":[1.25,6.5,2.5,7.75],"tintindex":0,"rotation":0,"texture":"#0"},"north":{"uv":[0.0,6.25,1.25,7.5],"tintindex":0,"rotation":0,"texture":"#0"},"west":{"uv":[2.5,6.5,3.75,7.75],"tintindex":0,"rotation":0,"texture":"#0"},"up":{"uv":[5.0,8.0,3.75,6.75],"tintindex":0,"rotation":0,"texture":"#0"},"down":{"uv":[6.25,6.75,5.0,8.0],"tintindex":0,"rotation":0,"texture":"#0"}}},{"from":[2.1999998,16.8,4.3999996],"to":[13.8,21.6,11.6],"faces":{"east":{"uv":[2.25,5.25,4.0,6.5],"tintindex":0,"rotation":0,"texture":"#0"},"south":{"uv":[5.0,4.75,8.0,6.0],"tintindex":0,"rotation":0,"texture":"#0"},"north":{"uv":[5.0,3.5,8.0,4.75],"tintindex":0,"rotation":0,"texture":"#0"},"west":{"uv":[5.75,0.0,7.5,1.25],"tintindex":0,"rotation":0,"texture":"#0"},"up":{"uv":[5.75,1.75,2.75,0.0],"tintindex":0,"rotation":0,"texture":"#0"},"down":{"uv":[5.75,1.75,2.75,3.5],"tintindex":0,"rotation":0,"texture":"#0"}}},{"from":[2.5,8.0,3.6999998],"to":[13.5,11.1,12.3],"faces":{"east":{"uv":[5.75,2.75,8.0,3.5],"tintindex":0,"rotation":0,"texture":"#0"},"south":{"uv":[5.75,2.0,8.5,2.75],"tintindex":0,"rotation":0,"texture":"#0"},"north":{"uv":[5.75,1.25,8.5,2.0],"tintindex":0,"rotation":0,"texture":"#0"},"west":{"uv":[4.0,6.0,6.25,6.75],"tintindex":0,"rotation":0,"texture":"#0"},"up":{"uv":[2.75,2.25,0.0,0.0],"tintindex":0,"rotation":0,"texture":"#0"},"down":{"uv":[2.75,2.25,0.0,4.5],"tintindex":0,"rotation":0,"texture":"#0"}}}],"display":{"gui":{"rotation":[-150.0,-45.0,180.0]}}}