{"textures":{"2":"modelengine:entity/blacksmith","particle":"#2"},"elements":[{"from":[3.75,7.75,5.75],"to":[12.25,20.25,10.25],"faces":{"east":{"uv":[8.0,1.0,9.0,4.0],"tintindex":0,"rotation":0,"texture":"#2"},"south":{"uv":[12.0,1.0,14.0,4.0],"tintindex":0,"rotation":0,"texture":"#2"},"north":{"uv":[9.0,1.0,11.0,4.0],"tintindex":0,"rotation":0,"texture":"#2"},"west":{"uv":[11.0,1.0,12.0,4.0],"tintindex":0,"rotation":0,"texture":"#2"},"up":{"uv":[11.0,1.0,9.0,0.0],"tintindex":0,"rotation":0,"texture":"#2"},"down":{"uv":[13.0,0.0,11.0,1.0],"tintindex":0,"rotation":0,"texture":"#2"}}},{"from":[4.0,8.0,6.0],"to":[12.0,20.0,10.0],"faces":{"east":{"uv":[0.0,9.0,1.0,12.0],"tintindex":0,"rotation":0,"texture":"#2"},"south":{"uv":[4.0,9.0,6.0,12.0],"tintindex":0,"rotation":0,"texture":"#2"},"north":{"uv":[1.0,9.0,3.0,12.0],"tintindex":0,"rotation":0,"texture":"#2"},"west":{"uv":[3.0,9.0,4.0,12.0],"tintindex":0,"rotation":0,"texture":"#2"},"up":{"uv":[3.0,9.0,1.0,8.0],"tintindex":0,"rotation":0,"texture":"#2"},"down":{"uv":[5.0,8.0,3.0,9.0],"tintindex":0,"rotation":0,"texture":"#2"}}}],"display":{"gui":{"rotation":[-150.0,-45.0,180.0]}}}