{"textures":{"2":"modelengine:entity/blacksmith","particle":"#2"},"elements":[{"from":[4.0,8.0,4.0],"to":[12.0,16.0,12.0],"faces":{"east":{"uv":[0.0,2.0,2.0,4.0],"tintindex":0,"rotation":0,"texture":"#2"},"south":{"uv":[6.0,2.0,8.0,4.0],"tintindex":0,"rotation":0,"texture":"#2"},"north":{"uv":[2.0,2.0,4.0,4.0],"tintindex":0,"rotation":0,"texture":"#2"},"west":{"uv":[4.0,2.0,6.0,4.0],"tintindex":0,"rotation":0,"texture":"#2"},"up":{"uv":[4.0,2.0,2.0,0.0],"tintindex":0,"rotation":0,"texture":"#2"},"down":{"uv":[6.0,0.0,4.0,2.0],"tintindex":0,"rotation":0,"texture":"#2"}}},{"from":[3.5,7.5,3.5],"to":[12.5,16.5,12.5],"faces":{"east":{"uv":[0.0,6.0,2.0,8.0],"tintindex":0,"rotation":0,"texture":"#2"},"south":{"uv":[6.0,6.0,8.0,8.0],"tintindex":0,"rotation":0,"texture":"#2"},"north":{"uv":[2.0,6.0,4.0,8.0],"tintindex":0,"rotation":0,"texture":"#2"},"west":{"uv":[4.0,6.0,6.0,8.0],"tintindex":0,"rotation":0,"texture":"#2"},"up":{"uv":[4.0,6.0,2.0,4.0],"tintindex":0,"rotation":0,"texture":"#2"},"down":{"uv":[6.0,4.0,4.0,6.0],"tintindex":0,"rotation":0,"texture":"#2"}}}],"display":{"gui":{"rotation":[-150.0,-45.0,180.0]}}}