{"textures":{"1":"modelengine:entity/items","particle":"#1"},"elements":[{"from":[7.2000003,7.3999996,3.5],"to":[8.8,9.0,11.4],"faces":{"east":{"uv":[0.0,7.0,4.0,8.0],"tintindex":0,"rotation":0,"texture":"#1"},"south":{"uv":[3.0,11.0,4.0,12.0],"tintindex":0,"rotation":0,"texture":"#1"},"north":{"uv":[11.0,0.0,12.0,1.0],"tintindex":0,"rotation":0,"texture":"#1"},"west":{"uv":[7.0,0.0,11.0,1.0],"tintindex":0,"rotation":0,"texture":"#1"},"up":{"uv":[8.0,5.0,7.0,1.0],"tintindex":0,"rotation":0,"texture":"#1"},"down":{"uv":[5.0,7.0,4.0,11.0],"tintindex":0,"rotation":0,"texture":"#1"}}},{"from":[6.1,4.8999996,0.0],"to":[9.9,11.5,4.0],"faces":{"east":{"uv":[3.0,3.5,5.0,7.0],"tintindex":0,"rotation":0,"texture":"#1"},"south":{"uv":[5.0,0.0,7.0,3.5],"tintindex":0,"rotation":0,"texture":"#1"},"north":{"uv":[3.0,0.0,5.0,3.5],"tintindex":0,"rotation":0,"texture":"#1"},"west":{"uv":[5.0,3.5,7.0,7.0],"tintindex":0,"rotation":0,"texture":"#1"},"up":{"uv":[7.0,9.0,5.0,7.0],"tintindex":0,"rotation":0,"texture":"#1"},"down":{"uv":[9.0,5.0,7.0,7.0],"tintindex":0,"rotation":0,"texture":"#1"}}}],"display":{"gui":{"rotation":[-150.0,-45.0,180.0]}}}