{"textures":{"2":"modelengine:entity/blacksmith","particle":"#2"},"elements":[{"from":[6.0,-2.0,6.0],"to":[9.0,10.0,10.0],"faces":{"east":{"uv":[7.5,13.0,8.5,16.0],"tintindex":0,"rotation":0,"texture":"#2"},"south":{"uv":[10.25,13.0,11.0,16.0],"tintindex":0,"rotation":0,"texture":"#2"},"north":{"uv":[8.5,13.0,9.25,16.0],"tintindex":0,"rotation":0,"texture":"#2"},"west":{"uv":[9.25,13.0,10.25,16.0],"tintindex":0,"rotation":0,"texture":"#2"},"up":{"uv":[9.25,13.0,8.5,12.0],"tintindex":0,"rotation":0,"texture":"#2"},"down":{"uv":[10.0,12.0,9.25,13.0],"tintindex":0,"rotation":0,"texture":"#2"}}},{"from":[5.75,-2.25,5.75],"to":[9.25,10.25,10.25],"faces":{"east":{"uv":[11.0,13.0,12.0,16.0],"tintindex":0,"rotation":0,"texture":"#2"},"south":{"uv":[13.75,13.0,14.5,16.0],"tintindex":0,"rotation":0,"texture":"#2"},"north":{"uv":[12.0,13.0,12.75,16.0],"tintindex":0,"rotation":0,"texture":"#2"},"west":{"uv":[12.75,13.0,13.75,16.0],"tintindex":0,"rotation":0,"texture":"#2"},"up":{"uv":[12.75,13.0,12.0,12.0],"tintindex":0,"rotation":0,"texture":"#2"},"down":{"uv":[13.5,12.0,12.75,13.0],"tintindex":0,"rotation":0,"texture":"#2"}}}],"display":{"gui":{"rotation":[-150.0,-45.0,180.0]}}}