{"textures":{"2":"modelengine:entity/blacksmith","particle":"#2"},"elements":[{"from":[5.75,-4.25,5.75],"to":[10.25,8.25,10.25],"faces":{"east":{"uv":[0.0,13.0,1.0,16.0],"tintindex":0,"rotation":0,"texture":"#2"},"south":{"uv":[3.0,13.0,4.0,16.0],"tintindex":0,"rotation":0,"texture":"#2"},"north":{"uv":[1.0,13.0,2.0,16.0],"tintindex":0,"rotation":0,"texture":"#2"},"west":{"uv":[2.0,13.0,3.0,16.0],"tintindex":0,"rotation":0,"texture":"#2"},"up":{"uv":[2.0,13.0,1.0,12.0],"tintindex":0,"rotation":0,"texture":"#2"},"down":{"uv":[3.0,12.0,2.0,13.0],"tintindex":0,"rotation":0,"texture":"#2"}}},{"from":[6.0,-4.0,6.0],"to":[10.0,8.0,10.0],"faces":{"east":{"uv":[10.0,9.0,11.0,12.0],"tintindex":0,"rotation":0,"texture":"#2"},"south":{"uv":[13.0,9.0,14.0,12.0],"tintindex":0,"rotation":0,"texture":"#2"},"north":{"uv":[11.0,9.0,12.0,12.0],"tintindex":0,"rotation":0,"texture":"#2"},"west":{"uv":[12.0,9.0,13.0,12.0],"tintindex":0,"rotation":0,"texture":"#2"},"up":{"uv":[12.0,9.0,11.0,8.0],"tintindex":0,"rotation":0,"texture":"#2"},"down":{"uv":[13.0,8.0,12.0,9.0],"tintindex":0,"rotation":0,"texture":"#2"}}}],"display":{"gui":{"rotation":[-150.0,-45.0,180.0]}}}