{"textures":{"1":"modelengine:entity/items","2":"modelengine:entity/blacksmith","particle":"#1"},"elements":[{"from":[6.2749996,-3.7584095,7.4],"to":[9.725,9.2415905,8.6],"faces":{"east":{"uv":[2.0,8.0,2.5,14.5],"tintindex":0,"rotation":0,"texture":"#1"},"south":{"uv":[1.5,0.0,3.0,6.5],"tintindex":0,"rotation":0,"texture":"#1"},"north":{"uv":[0.0,0.0,1.5,6.5],"tintindex":0,"rotation":0,"texture":"#1"},"west":{"uv":[2.5,8.0,3.0,14.5],"tintindex":0,"rotation":0,"texture":"#1"},"up":{"uv":[1.5,7.0,0.0,6.5],"tintindex":0,"rotation":0,"texture":"#1"},"down":{"uv":[3.0,6.5,1.5,7.0],"tintindex":0,"rotation":0,"texture":"#1"}}},{"from":[-0.13384056,-2.1003294,7.4012],"to":[2.3161597,0.3246703,8.5988],"faces":{"east":{"uv":[14.0,1.0,14.25,1.5],"tintindex":0,"rotation":0,"texture":"#2"},"south":{"uv":[14.0,0.5,14.5,1.0],"tintindex":0,"rotation":0,"texture":"#2"},"north":{"uv":[14.0,0.0,14.5,0.5],"tintindex":0,"rotation":0,"texture":"#2"},"west":{"uv":[14.0,1.5,14.25,2.0],"tintindex":0,"rotation":0,"texture":"#2"},"up":{"uv":[14.5,2.25,14.0,2.0],"tintindex":0,"rotation":0,"texture":"#2"},"down":{"uv":[14.5,2.25,14.0,2.5],"tintindex":0,"rotation":0,"texture":"#2"}},"rotation":{"origin":[8.0,6.0210104,8.0],"angle":45.0,"axis":"z"}},{"from":[5.2999997,8.7415905,7.1],"to":[10.7,10.541591,8.9],"faces":{"east":{"uv":[3.0,10.0,4.0,11.0],"tintindex":0,"rotation":0,"texture":"#1"},"south":{"uv":[8.0,8.0,10.5,9.0],"tintindex":0,"rotation":0,"texture":"#1"},"north":{"uv":[8.0,7.0,10.5,8.0],"tintindex":0,"rotation":0,"texture":"#1"},"west":{"uv":[10.0,3.0,11.0,4.0],"tintindex":0,"rotation":0,"texture":"#1"},"up":{"uv":[11.5,2.0,9.0,1.0],"tintindex":0,"rotation":0,"texture":"#1"},"down":{"uv":[11.5,2.0,9.0,3.0],"tintindex":0,"rotation":0,"texture":"#1"}}},{"from":[6.7999997,15.141591,6.9],"to":[9.2,16.64159,9.1],"faces":{"east":{"uv":[5.0,10.0,6.0,11.0],"tintindex":0,"rotation":0,"texture":"#1"},"south":{"uv":[10.0,5.0,11.0,6.0],"tintindex":0,"rotation":0,"texture":"#1"},"north":{"uv":[10.0,4.0,11.0,5.0],"tintindex":0,"rotation":0,"texture":"#1"},"west":{"uv":[6.0,10.0,7.0,11.0],"tintindex":0,"rotation":0,"texture":"#1"},"up":{"uv":[11.0,7.0,10.0,6.0],"tintindex":0,"rotation":0,"texture":"#1"},"down":{"uv":[9.0,10.0,8.0,11.0],"tintindex":0,"rotation":0,"texture":"#1"}}},{"from":[10.2,8.541591,6.9],"to":[12.0,10.74159,9.1],"faces":{"east":{"uv":[9.0,4.0,10.0,5.0],"tintindex":0,"rotation":0,"texture":"#1"},"south":{"uv":[5.0,9.0,6.0,10.0],"tintindex":0,"rotation":0,"texture":"#1"},"north":{"uv":[9.0,3.0,10.0,4.0],"tintindex":0,"rotation":0,"texture":"#1"},"west":{"uv":[9.0,5.0,10.0,6.0],"tintindex":0,"rotation":0,"texture":"#1"},"up":{"uv":[7.0,10.0,6.0,9.0],"tintindex":0,"rotation":0,"texture":"#1"},"down":{"uv":[10.0,6.0,9.0,7.0],"tintindex":0,"rotation":0,"texture":"#1"}}},{"from":[4.0,8.541591,6.9],"to":[5.7999997,10.74159,9.1],"faces":{"east":{"uv":[10.0,9.0,11.0,10.0],"tintindex":0,"rotation":0,"texture":"#1"},"south":{"uv":[10.0,10.0,11.0,11.0],"tintindex":0,"rotation":0,"texture":"#1"},"north":{"uv":[9.0,10.0,10.0,11.0],"tintindex":0,"rotation":0,"texture":"#1"},"west":{"uv":[7.0,10.5,8.0,11.5],"tintindex":0,"rotation":0,"texture":"#1"},"up":{"uv":[11.5,8.0,10.5,7.0],"tintindex":0,"rotation":0,"texture":"#1"},"down":{"uv":[11.5,8.0,10.5,9.0],"tintindex":0,"rotation":0,"texture":"#1"}}},{"from":[7.1,9.14159,7.2],"to":[8.9,15.641591,8.8],"faces":{"east":{"uv":[0.0,8.0,1.0,11.5],"tintindex":0,"rotation":0,"texture":"#1"},"south":{"uv":[1.0,8.0,2.0,11.5],"tintindex":0,"rotation":0,"texture":"#1"},"north":{"uv":[7.0,7.0,8.0,10.5],"tintindex":0,"rotation":0,"texture":"#1"},"west":{"uv":[8.0,1.0,9.0,4.5],"tintindex":0,"rotation":0,"texture":"#1"},"up":{"uv":[4.0,9.0,3.0,8.0],"tintindex":0,"rotation":0,"texture":"#1"},"down":{"uv":[4.0,9.0,3.0,10.0],"tintindex":0,"rotation":0,"texture":"#1"}}}],"display":{"gui":{"rotation":[-150.0,-45.0,180.0]}}}