{"textures":{"2":"modelengine:entity/basket","particle":"#2"},"elements":[{"from":[2.0,1.5416698,2.9900198],"to":[14.0,4.04167,13.010019],"faces":{"east":{"uv":[8.25,5.5,10.75,6.0],"tintindex":0,"rotation":0,"texture":"#2"},"south":{"uv":[8.25,5.0,11.25,5.5],"tintindex":0,"rotation":0,"texture":"#2"},"north":{"uv":[8.0,7.0,11.0,7.5],"tintindex":0,"rotation":0,"texture":"#2"},"west":{"uv":[0.5,8.5,3.0,9.0],"tintindex":0,"rotation":0,"texture":"#2"},"up":{"uv":[3.0,2.5,0.0,0.0],"tintindex":0,"rotation":0,"texture":"#2"},"down":{"uv":[3.0,2.5,0.0,5.0],"tintindex":0,"rotation":0,"texture":"#2"}}},{"from":[14.0,4.04167,12.99999],"to":[2.0,1.5416698,2.99999],"faces":{"east":{"uv":[8.0,6.25,10.5,7.0],"tintindex":0,"rotation":0,"texture":"#2"},"south":{"uv":[7.5,7.5,10.5,8.25],"tintindex":0,"rotation":0,"texture":"#2"},"north":{"uv":[4.5,7.5,7.5,8.25],"tintindex":0,"rotation":0,"texture":"#2"},"west":{"uv":[4.5,8.25,7.0,9.0],"tintindex":0,"rotation":0,"texture":"#2"},"up":{"uv":[6.0,2.5,3.0,0.0],"tintindex":0,"rotation":0,"texture":"#2"},"down":{"uv":[6.0,2.5,3.0,5.0],"tintindex":0,"rotation":0,"texture":"#2"}}},{"from":[7.0,3.5416698,2.99999],"to":[9.0,8.54167,12.99999],"faces":{"east":{"uv":[6.0,1.25,8.5,2.5],"tintindex":0,"rotation":0,"texture":"#2"},"south":{"uv":[8.5,2.5,9.0,3.75],"tintindex":0,"rotation":0,"texture":"#2"},"north":{"uv":[8.5,1.25,9.0,2.5],"tintindex":0,"rotation":0,"texture":"#2"},"west":{"uv":[6.0,2.5,8.5,3.75],"tintindex":0,"rotation":0,"texture":"#2"},"up":{"uv":[7.5,10.75,7.0,8.25],"tintindex":0,"rotation":0,"texture":"#2"},"down":{"uv":[8.0,8.25,7.5,10.75],"tintindex":0,"rotation":0,"texture":"#2"}}},{"from":[9.0,8.54167,12.99999],"to":[7.0,3.5416698,2.99999],"faces":{"east":{"uv":[6.0,3.75,8.5,5.0],"tintindex":0,"rotation":0,"texture":"#2"},"south":{"uv":[3.5,8.5,4.0,9.75],"tintindex":0,"rotation":0,"texture":"#2"},"north":{"uv":[3.0,8.5,3.5,9.75],"tintindex":0,"rotation":0,"texture":"#2"},"west":{"uv":[5.5,6.25,8.0,7.5],"tintindex":0,"rotation":0,"texture":"#2"},"up":{"uv":[8.5,10.75,8.0,8.25],"tintindex":0,"rotation":0,"texture":"#2"},"down":{"uv":[0.5,8.5,0.0,11.0],"tintindex":0,"rotation":0,"texture":"#2"}}},{"from":[2.5,-3.4583302,3.49999],"to":[13.5,2.0416698,12.49999],"faces":{"east":{"uv":[0.0,7.25,2.25,8.5],"tintindex":0,"rotation":0,"texture":"#2"},"south":{"uv":[6.0,0.0,8.75,1.25],"tintindex":0,"rotation":0,"texture":"#2"},"north":{"uv":[5.5,5.0,8.25,6.25],"tintindex":0,"rotation":0,"texture":"#2"},"west":{"uv":[2.25,7.25,4.5,8.5],"tintindex":0,"rotation":0,"texture":"#2"},"up":{"uv":[2.75,7.25,0.0,5.0],"tintindex":0,"rotation":0,"texture":"#2"},"down":{"uv":[5.5,5.0,2.75,7.25],"tintindex":0,"rotation":0,"texture":"#2"}}}],"display":{"gui":{"rotation":[-150.0,-45.0,180.0]}}}