{"textures":{"1":"modelengine:entity/hat","particle":"#1"},"elements":[{"from":[0.4000001,8.0,0.4000001],"to":[15.6,8.0,15.6],"faces":{"up":{"uv":[7.5,7.5,0.0,0.0],"tintindex":0,"rotation":0,"texture":"#1"},"down":{"uv":[0.0,0.0,7.5,7.5],"tintindex":0,"rotation":0,"texture":"#1"}}},{"from":[3.3000002,8.0,3.3000002],"to":[12.7,12.6,12.7],"faces":{"east":{"uv":[7.5,4.5,12.0,7.0],"tintindex":0,"rotation":0,"texture":"#1"},"south":{"uv":[9.0,7.0,13.5,9.5],"tintindex":0,"rotation":0,"texture":"#1"},"north":{"uv":[4.5,7.5,9.0,10.0],"tintindex":0,"rotation":0,"texture":"#1"},"west":{"uv":[9.0,9.5,13.5,12.0],"tintindex":0,"rotation":0,"texture":"#1"},"up":{"uv":[4.5,12.0,0.0,7.5],"tintindex":0,"rotation":0,"texture":"#1"},"down":{"uv":[12.0,0.0,7.5,4.5],"tintindex":0,"rotation":0,"texture":"#1"}}}],"display":{"gui":{"rotation":[-150.0,-45.0,180.0]}}}