{"textures":{"3":"modelengine:entity/potatoes","particle":"#3"},"elements":[{"from":[5.7,6.6000004,6.6000004],"to":[10.3,9.400001,9.4],"faces":{"east":{"uv":[6.0,9.0,7.5,10.5],"tintindex":0,"rotation":0,"texture":"#3"},"south":{"uv":[5.0,1.5,7.5,3.0],"tintindex":0,"rotation":0,"texture":"#3"},"north":{"uv":[5.0,0.0,7.5,1.5],"tintindex":0,"rotation":0,"texture":"#3"},"west":{"uv":[7.5,9.0,9.0,10.5],"tintindex":0,"rotation":0,"texture":"#3"},"up":{"uv":[7.5,4.5,5.0,3.0],"tintindex":0,"rotation":0,"texture":"#3"},"down":{"uv":[7.5,4.5,5.0,6.0],"tintindex":0,"rotation":0,"texture":"#3"}}}],"display":{"gui":{"rotation":[-150.0,-45.0,180.0]}}}