{"textures":{"3":"modelengine:entity/potatoes","particle":"#3"},"elements":[{"from":[5.7,6.6000004,6.6],"to":[10.3,9.400001,9.4],"faces":{"east":{"uv":[0.0,9.0,1.5,10.5],"tintindex":0,"rotation":0,"texture":"#3"},"south":{"uv":[0.0,1.5,2.5,3.0],"tintindex":0,"rotation":0,"texture":"#3"},"north":{"uv":[0.0,0.0,2.5,1.5],"tintindex":0,"rotation":0,"texture":"#3"},"west":{"uv":[1.5,9.0,3.0,10.5],"tintindex":0,"rotation":0,"texture":"#3"},"up":{"uv":[5.0,1.5,2.5,0.0],"tintindex":0,"rotation":0,"texture":"#3"},"down":{"uv":[5.0,1.5,2.5,3.0],"tintindex":0,"rotation":0,"texture":"#3"}}}],"display":{"gui":{"rotation":[-150.0,-45.0,180.0]}}}