{"textures":{"0":"modelengine:entity/farmer_npc","particle":"#0"},"elements":[{"from":[6.0,-4.0,6.0],"to":[10.0,8.0,10.0],"faces":{"east":{"uv":[0.0,5.0,1.0,8.0],"tintindex":0,"rotation":0,"texture":"#0"},"south":{"uv":[3.0,5.0,4.0,8.0],"tintindex":0,"rotation":0,"texture":"#0"},"north":{"uv":[1.0,5.0,2.0,8.0],"tintindex":0,"rotation":0,"texture":"#0"},"west":{"uv":[2.0,5.0,3.0,8.0],"tintindex":0,"rotation":0,"texture":"#0"},"up":{"uv":[2.0,5.0,1.0,4.0],"tintindex":0,"rotation":0,"texture":"#0"},"down":{"uv":[3.0,4.0,2.0,5.0],"tintindex":0,"rotation":0,"texture":"#0"}}},{"from":[5.75,-4.25,5.75],"to":[10.25,8.25,10.25],"faces":{"east":{"uv":[0.0,9.0,1.0,12.0],"tintindex":0,"rotation":0,"texture":"#0"},"south":{"uv":[3.0,9.0,4.0,12.0],"tintindex":0,"rotation":0,"texture":"#0"},"north":{"uv":[1.0,9.0,2.0,12.0],"tintindex":0,"rotation":0,"texture":"#0"},"west":{"uv":[2.0,9.0,3.0,12.0],"tintindex":0,"rotation":0,"texture":"#0"},"up":{"uv":[2.0,9.0,1.0,8.0],"tintindex":0,"rotation":0,"texture":"#0"},"down":{"uv":[3.0,8.0,2.0,9.0],"tintindex":0,"rotation":0,"texture":"#0"}}}],"display":{"gui":{"rotation":[-150.0,-45.0,180.0]}}}