{"textures":{"0":"modelengine:entity/farmer_npc","particle":"#0"},"elements":[{"from":[7.75,-2.25,5.75],"to":[11.25,10.25,10.25],"faces":{"east":{"uv":[10.0,9.0,11.0,12.0],"tintindex":0,"rotation":0,"texture":"#0"},"south":{"uv":[12.75,9.0,13.5,12.0],"tintindex":0,"rotation":0,"texture":"#0"},"north":{"uv":[11.0,9.0,11.75,12.0],"tintindex":0,"rotation":0,"texture":"#0"},"west":{"uv":[11.75,9.0,12.75,12.0],"tintindex":0,"rotation":0,"texture":"#0"},"up":{"uv":[11.75,9.0,11.0,8.0],"tintindex":0,"rotation":0,"texture":"#0"},"down":{"uv":[12.5,8.0,11.75,9.0],"tintindex":0,"rotation":0,"texture":"#0"}}},{"from":[8.0,-2.0,6.0],"to":[11.0,10.0,10.0],"faces":{"east":{"uv":[10.0,5.0,11.0,8.0],"tintindex":0,"rotation":0,"texture":"#0"},"south":{"uv":[12.75,5.0,13.5,8.0],"tintindex":0,"rotation":0,"texture":"#0"},"north":{"uv":[11.0,5.0,11.75,8.0],"tintindex":0,"rotation":0,"texture":"#0"},"west":{"uv":[11.75,5.0,12.75,8.0],"tintindex":0,"rotation":0,"texture":"#0"},"up":{"uv":[11.75,5.0,11.0,4.0],"tintindex":0,"rotation":0,"texture":"#0"},"down":{"uv":[12.5,4.0,11.75,5.0],"tintindex":0,"rotation":0,"texture":"#0"}}}],"display":{"gui":{"rotation":[-150.0,-45.0,180.0]}}}