{"textures":{"2":"modelengine:entity/bag","particle":"#2"},"elements":[{"from":[7.9,3.0999994,5.3],"to":[10.9,16.8,10.7],"faces":{"east":{"uv":[0.0,0.0,2.5,7.0],"tintindex":0,"rotation":0,"texture":"#2"},"south":{"uv":[8.5,5.0,10.0,12.0],"tintindex":0,"rotation":0,"texture":"#2"},"north":{"uv":[3.0,7.0,4.5,14.0],"tintindex":0,"rotation":0,"texture":"#2"},"west":{"uv":[2.5,0.0,5.0,7.0],"tintindex":0,"rotation":0,"texture":"#2"},"up":{"uv":[11.5,10.5,10.0,8.0],"tintindex":0,"rotation":0,"texture":"#2"},"down":{"uv":[11.5,10.5,10.0,13.0],"tintindex":0,"rotation":0,"texture":"#2"}},"rotation":{"origin":[9.4,7.5999985,8.0],"angle":22.5,"axis":"z"}},{"from":[4.4,3.7999992,9.7],"to":[11.6,13.799999,15.7],"faces":{"east":{"uv":[0.0,7.0,3.0,12.0],"tintindex":0,"rotation":0,"texture":"#2"},"south":{"uv":[5.0,5.0,8.5,10.0],"tintindex":0,"rotation":0,"texture":"#2"},"north":{"uv":[5.0,0.0,8.5,5.0],"tintindex":0,"rotation":0,"texture":"#2"},"west":{"uv":[8.5,0.0,11.5,5.0],"tintindex":0,"rotation":0,"texture":"#2"},"up":{"uv":[8.0,13.0,4.5,10.0],"tintindex":0,"rotation":0,"texture":"#2"},"down":{"uv":[13.5,5.0,10.0,8.0],"tintindex":0,"rotation":0,"texture":"#2"}}},{"from":[7.9,3.0999994,5.3],"to":[10.9,16.8,10.7],"faces":{"east":{"uv":[0.0,0.0,2.5,7.0],"tintindex":0,"rotation":0,"texture":"#2"},"south":{"uv":[8.5,5.0,10.0,12.0],"tintindex":0,"rotation":0,"texture":"#2"},"north":{"uv":[3.0,7.0,4.5,14.0],"tintindex":0,"rotation":0,"texture":"#2"},"west":{"uv":[2.5,0.0,5.0,7.0],"tintindex":0,"rotation":0,"texture":"#2"},"up":{"uv":[11.5,10.5,10.0,8.0],"tintindex":0,"rotation":0,"texture":"#2"},"down":{"uv":[11.5,10.5,10.0,13.0],"tintindex":0,"rotation":0,"texture":"#2"}},"rotation":{"origin":[9.4,7.5999985,8.0],"angle":22.5,"axis":"z"}}],"display":{"gui":{"rotation":[-150.0,-45.0,180.0]}}}