{"textures":{"0":"modelengine:entity/miner","particle":"#0"},"elements":[{"from":[3.75,7.75,5.75],"to":[12.25,20.25,10.25],"faces":{"east":{"uv":[4.0,0.5,4.5,2.0],"tintindex":0,"rotation":0,"texture":"#0"},"south":{"uv":[6.0,0.5,7.0,2.0],"tintindex":0,"rotation":0,"texture":"#0"},"north":{"uv":[4.5,0.5,5.5,2.0],"tintindex":0,"rotation":0,"texture":"#0"},"west":{"uv":[5.5,0.5,6.0,2.0],"tintindex":0,"rotation":0,"texture":"#0"},"up":{"uv":[5.5,0.5,4.5,0.0],"tintindex":0,"rotation":0,"texture":"#0"},"down":{"uv":[6.5,0.0,5.5,0.5],"tintindex":0,"rotation":0,"texture":"#0"}}},{"from":[4.0,8.0,6.0],"to":[12.0,20.0,10.0],"faces":{"east":{"uv":[0.0,4.5,0.5,6.0],"tintindex":0,"rotation":0,"texture":"#0"},"south":{"uv":[2.0,4.5,3.0,6.0],"tintindex":0,"rotation":0,"texture":"#0"},"north":{"uv":[0.5,4.5,1.5,6.0],"tintindex":0,"rotation":0,"texture":"#0"},"west":{"uv":[1.5,4.5,2.0,6.0],"tintindex":0,"rotation":0,"texture":"#0"},"up":{"uv":[1.5,4.5,0.5,4.0],"tintindex":0,"rotation":0,"texture":"#0"},"down":{"uv":[2.5,4.0,1.5,4.5],"tintindex":0,"rotation":0,"texture":"#0"}}}],"display":{"gui":{"rotation":[-150.0,-45.0,180.0]}}}