{"textures":{"0":"modelengine:entity/miner","particle":"#0"},"elements":[{"from":[4.0,8.0,4.0],"to":[12.0,16.0,12.0],"faces":{"east":{"uv":[0.0,1.0,1.0,2.0],"tintindex":0,"rotation":0,"texture":"#0"},"south":{"uv":[3.0,1.0,4.0,2.0],"tintindex":0,"rotation":0,"texture":"#0"},"north":{"uv":[1.0,1.0,2.0,2.0],"tintindex":0,"rotation":0,"texture":"#0"},"west":{"uv":[2.0,1.0,3.0,2.0],"tintindex":0,"rotation":0,"texture":"#0"},"up":{"uv":[2.0,1.0,1.0,0.0],"tintindex":0,"rotation":0,"texture":"#0"},"down":{"uv":[3.0,0.0,2.0,1.0],"tintindex":0,"rotation":0,"texture":"#0"}}},{"from":[3.5,7.5,3.5],"to":[12.5,16.5,12.5],"faces":{"east":{"uv":[0.0,3.0,1.0,4.0],"tintindex":0,"rotation":0,"texture":"#0"},"south":{"uv":[3.0,3.0,4.0,4.0],"tintindex":0,"rotation":0,"texture":"#0"},"north":{"uv":[1.0,3.0,2.0,4.0],"tintindex":0,"rotation":0,"texture":"#0"},"west":{"uv":[2.0,3.0,3.0,4.0],"tintindex":0,"rotation":0,"texture":"#0"},"up":{"uv":[2.0,3.0,1.0,2.0],"tintindex":0,"rotation":0,"texture":"#0"},"down":{"uv":[3.0,2.0,2.0,3.0],"tintindex":0,"rotation":0,"texture":"#0"}}}],"display":{"gui":{"rotation":[-150.0,-45.0,180.0]}}}