{"textures":{"0":"modelengine:entity/miner","particle":"#0"},"elements":[{"from":[6.0,-2.0,6.0],"to":[9.0,10.0,10.0],"faces":{"east":{"uv":[3.75,6.5,4.25,8.0],"tintindex":0,"rotation":0,"texture":"#0"},"south":{"uv":[5.125,6.5,5.5,8.0],"tintindex":0,"rotation":0,"texture":"#0"},"north":{"uv":[4.25,6.5,4.625,8.0],"tintindex":0,"rotation":0,"texture":"#0"},"west":{"uv":[4.625,6.5,5.125,8.0],"tintindex":0,"rotation":0,"texture":"#0"},"up":{"uv":[4.625,6.5,4.25,6.0],"tintindex":0,"rotation":0,"texture":"#0"},"down":{"uv":[5.0,6.0,4.625,6.5],"tintindex":0,"rotation":0,"texture":"#0"}}},{"from":[5.75,-2.25,5.75],"to":[9.25,10.25,10.25],"faces":{"east":{"uv":[5.5,6.5,6.0,8.0],"tintindex":0,"rotation":0,"texture":"#0"},"south":{"uv":[6.875,6.5,7.25,8.0],"tintindex":0,"rotation":0,"texture":"#0"},"north":{"uv":[6.0,6.5,6.375,8.0],"tintindex":0,"rotation":0,"texture":"#0"},"west":{"uv":[6.375,6.5,6.875,8.0],"tintindex":0,"rotation":0,"texture":"#0"},"up":{"uv":[6.375,6.5,6.0,6.0],"tintindex":0,"rotation":0,"texture":"#0"},"down":{"uv":[6.75,6.0,6.375,6.5],"tintindex":0,"rotation":0,"texture":"#0"}}}],"display":{"gui":{"rotation":[-150.0,-45.0,180.0]}}}