{"textures":{"1":"modelengine:entity/pickaxe","particle":"#1"},"elements":[{"from":[7.2050004,12.0091095,7.1997],"to":[8.795,13.59911,16.439701],"faces":{"east":{"uv":[1.5,3.5,6.0,4.5],"tintindex":0,"rotation":0,"texture":"#1"},"south":{"uv":[6.5,5.0,7.5,6.0],"tintindex":0,"rotation":0,"texture":"#1"},"north":{"uv":[4.5,6.5,5.5,7.5],"tintindex":0,"rotation":0,"texture":"#1"},"west":{"uv":[4.5,0.0,9.0,1.0],"tintindex":0,"rotation":0,"texture":"#1"},"up":{"uv":[2.5,9.0,1.5,4.5],"tintindex":0,"rotation":0,"texture":"#1"},"down":{"uv":[3.5,4.5,2.5,9.0],"tintindex":0,"rotation":0,"texture":"#1"}}},{"from":[8.0,6.4199996,6.21],"to":[8.0,13.61,9.3],"faces":{"east":{"uv":[3.0,0.0,4.5,3.5],"tintindex":0,"rotation":0,"texture":"#1"},"west":{"uv":[0.0,3.5,1.5,7.0],"tintindex":0,"rotation":0,"texture":"#1"}},"rotation":{"origin":[8.0,8.0,7.2],"angle":-22.5,"axis":"x"}},{"from":[7.0800004,10.99411,4.0297],"to":[8.92,14.61411,7.6497],"faces":{"east":{"uv":[4.5,1.0,6.5,3.0],"tintindex":0,"rotation":0,"texture":"#1"},"south":{"uv":[6.5,1.0,7.5,3.0],"tintindex":0,"rotation":0,"texture":"#1"},"north":{"uv":[5.5,4.5,6.5,6.5],"tintindex":0,"rotation":0,"texture":"#1"},"west":{"uv":[3.5,4.5,5.5,6.5],"tintindex":0,"rotation":0,"texture":"#1"},"up":{"uv":[7.5,5.0,6.5,3.0],"tintindex":0,"rotation":0,"texture":"#1"},"down":{"uv":[4.5,6.5,3.5,8.5],"tintindex":0,"rotation":0,"texture":"#1"}},"rotation":{"origin":[8.0,12.80411,5.8397],"angle":45.0,"axis":"x"}},{"from":[8.0,12.408509,4.14733],"to":[8.0,19.598509,7.23733],"faces":{"east":{"uv":[0.0,0.0,1.5,3.5],"tintindex":0,"rotation":0,"texture":"#1"},"west":{"uv":[1.5,0.0,3.0,3.5],"tintindex":0,"rotation":0,"texture":"#1"}},"rotation":{"origin":[8.0,12.6285095,5.13733],"angle":22.5,"axis":"x"}}],"display":{"gui":{"rotation":[-150.0,-45.0,180.0]}}}