{"textures":{"0":"modelengine:entity/miner","particle":"#0"},"elements":[{"from":[6.75,-2.25,5.75],"to":[10.25,10.25,10.25],"faces":{"east":{"uv":[6.0,2.5,6.5,4.0],"tintindex":0,"rotation":0,"texture":"#0"},"south":{"uv":[7.375,2.5,7.75,4.0],"tintindex":0,"rotation":0,"texture":"#0"},"north":{"uv":[6.5,2.5,6.875,4.0],"tintindex":0,"rotation":0,"texture":"#0"},"west":{"uv":[6.875,2.5,7.375,4.0],"tintindex":0,"rotation":0,"texture":"#0"},"up":{"uv":[6.875,2.5,6.5,2.0],"tintindex":0,"rotation":0,"texture":"#0"},"down":{"uv":[7.25,2.0,6.875,2.5],"tintindex":0,"rotation":0,"texture":"#0"}}},{"from":[7.0,-2.0,6.0],"to":[10.0,10.0,10.0],"faces":{"east":{"uv":[2.0,6.5,2.5,8.0],"tintindex":0,"rotation":0,"texture":"#0"},"south":{"uv":[3.375,6.5,3.75,8.0],"tintindex":0,"rotation":0,"texture":"#0"},"north":{"uv":[2.5,6.5,2.875,8.0],"tintindex":0,"rotation":0,"texture":"#0"},"west":{"uv":[2.875,6.5,3.375,8.0],"tintindex":0,"rotation":0,"texture":"#0"},"up":{"uv":[2.875,6.5,2.5,6.0],"tintindex":0,"rotation":0,"texture":"#0"},"down":{"uv":[3.25,6.0,2.875,6.5],"tintindex":0,"rotation":0,"texture":"#0"}}}],"display":{"gui":{"rotation":[-150.0,-45.0,180.0]}}}