{"textures":{"0":"modelengine:entity/miner","particle":"#0"},"elements":[{"from":[5.75,-4.25,5.75],"to":[10.25,8.25,10.25],"faces":{"east":{"uv":[3.0,4.5,3.5,6.0],"tintindex":0,"rotation":0,"texture":"#0"},"south":{"uv":[4.5,4.5,5.0,6.0],"tintindex":0,"rotation":0,"texture":"#0"},"north":{"uv":[3.5,4.5,4.0,6.0],"tintindex":0,"rotation":0,"texture":"#0"},"west":{"uv":[4.0,4.5,4.5,6.0],"tintindex":0,"rotation":0,"texture":"#0"},"up":{"uv":[4.0,4.5,3.5,4.0],"tintindex":0,"rotation":0,"texture":"#0"},"down":{"uv":[4.5,4.0,4.0,4.5],"tintindex":0,"rotation":0,"texture":"#0"}}},{"from":[6.0,-4.0,6.0],"to":[10.0,8.0,10.0],"faces":{"east":{"uv":[4.0,2.5,4.5,4.0],"tintindex":0,"rotation":0,"texture":"#0"},"south":{"uv":[5.5,2.5,6.0,4.0],"tintindex":0,"rotation":0,"texture":"#0"},"north":{"uv":[4.5,2.5,5.0,4.0],"tintindex":0,"rotation":0,"texture":"#0"},"west":{"uv":[5.0,2.5,5.5,4.0],"tintindex":0,"rotation":0,"texture":"#0"},"up":{"uv":[5.0,2.5,4.5,2.0],"tintindex":0,"rotation":0,"texture":"#0"},"down":{"uv":[5.5,2.0,5.0,2.5],"tintindex":0,"rotation":0,"texture":"#0"}}}],"display":{"gui":{"rotation":[-150.0,-45.0,180.0]}}}