{"textures":{"0":"modelengine:entity/wariorr_hm5","particle":"#0"},"elements":[{"from":[4.0,8.0,6.0],"to":[12.0,20.0,10.0],"faces":{"east":{"uv":[4.0,5.0,5.0,8.0],"tintindex":0,"rotation":0,"texture":"#0"},"south":{"uv":[8.0,5.0,10.0,8.0],"tintindex":0,"rotation":0,"texture":"#0"},"north":{"uv":[5.0,5.0,7.0,8.0],"tintindex":0,"rotation":0,"texture":"#0"},"west":{"uv":[7.0,5.0,8.0,8.0],"tintindex":0,"rotation":0,"texture":"#0"},"up":{"uv":[7.0,5.0,5.0,4.0],"tintindex":0,"rotation":0,"texture":"#0"},"down":{"uv":[9.0,4.0,7.0,5.0],"tintindex":0,"rotation":0,"texture":"#0"}}},{"from":[3.75,7.75,5.75],"to":[12.25,20.25,10.25],"faces":{"east":{"uv":[4.0,9.0,5.0,12.0],"tintindex":0,"rotation":0,"texture":"#0"},"south":{"uv":[8.0,9.0,10.0,12.0],"tintindex":0,"rotation":0,"texture":"#0"},"north":{"uv":[5.0,9.0,7.0,12.0],"tintindex":0,"rotation":0,"texture":"#0"},"west":{"uv":[7.0,9.0,8.0,12.0],"tintindex":0,"rotation":0,"texture":"#0"},"up":{"uv":[7.0,9.0,5.0,8.0],"tintindex":0,"rotation":0,"texture":"#0"},"down":{"uv":[9.0,8.0,7.0,9.0],"tintindex":0,"rotation":0,"texture":"#0"}}}],"display":{"gui":{"rotation":[-150.0,-45.0,180.0]}}}