{"textures":{"1":"modelengine:entity/bow","particle":"#1"},"elements":[{"from":[7.0,13.1934395,12.46853],"to":[9.0,14.1934395,15.46853],"faces":{"east":{"uv":[8.0,8.5,9.5,9.0],"tintindex":0,"rotation":0,"texture":"#1"},"south":{"uv":[9.0,1.5,10.0,2.0],"tintindex":0,"rotation":0,"texture":"#1"},"north":{"uv":[4.0,3.0,5.0,3.5],"tintindex":0,"rotation":0,"texture":"#1"},"west":{"uv":[9.0,0.0,10.5,0.5],"tintindex":0,"rotation":0,"texture":"#1"},"up":{"uv":[4.0,9.0,3.0,7.5],"tintindex":0,"rotation":0,"texture":"#1"},"down":{"uv":[5.0,7.5,4.0,9.0],"tintindex":0,"rotation":0,"texture":"#1"}},"rotation":{"origin":[8.0,10.19344,8.46853],"angle":-22.5,"axis":"x"}},{"from":[7.002,11.26956,7.85122],"to":[8.998,16.26956,9.85122],"faces":{"east":{"uv":[5.0,6.0,6.0,8.5],"tintindex":0,"rotation":0,"texture":"#1"},"south":{"uv":[6.0,5.5,7.0,8.0],"tintindex":0,"rotation":0,"texture":"#1"},"north":{"uv":[6.0,3.0,7.0,5.5],"tintindex":0,"rotation":0,"texture":"#1"},"west":{"uv":[7.0,0.0,8.0,2.5],"tintindex":0,"rotation":0,"texture":"#1"},"up":{"uv":[9.0,4.5,8.0,3.5],"tintindex":0,"rotation":0,"texture":"#1"},"down":{"uv":[9.0,4.5,8.0,5.5],"tintindex":0,"rotation":0,"texture":"#1"}},"rotation":{"origin":[8.0,9.26956,8.85122],"angle":-22.5,"axis":"x"}},{"from":[7.002,0.33940983,4.78975],"to":[8.998,5.33941,6.78975],"faces":{"east":{"uv":[7.0,2.5,8.0,5.0],"tintindex":0,"rotation":0,"texture":"#1"},"south":{"uv":[7.0,5.0,8.0,7.5],"tintindex":0,"rotation":0,"texture":"#1"},"north":{"uv":[1.0,7.0,2.0,9.5],"tintindex":0,"rotation":0,"texture":"#1"},"west":{"uv":[2.0,7.5,3.0,10.0],"tintindex":0,"rotation":0,"texture":"#1"},"up":{"uv":[1.0,9.5,0.0,8.5],"tintindex":0,"rotation":0,"texture":"#1"},"down":{"uv":[6.0,8.5,5.0,9.5],"tintindex":0,"rotation":0,"texture":"#1"}},"rotation":{"origin":[8.0,-0.6605902,5.78975],"angle":22.5,"axis":"x"}},{"from":[7.0,14.1934395,9.46853],"to":[9.0,16.19344,15.46853],"faces":{"east":{"uv":[2.0,3.5,5.0,4.5],"tintindex":0,"rotation":0,"texture":"#1"},"south":{"uv":[6.0,8.0,7.0,9.0],"tintindex":0,"rotation":0,"texture":"#1"},"north":{"uv":[8.0,5.5,9.0,6.5],"tintindex":0,"rotation":0,"texture":"#1"},"west":{"uv":[4.0,0.0,7.0,1.0],"tintindex":0,"rotation":0,"texture":"#1"},"up":{"uv":[3.0,7.5,2.0,4.5],"tintindex":0,"rotation":0,"texture":"#1"},"down":{"uv":[4.0,4.5,3.0,7.5],"tintindex":0,"rotation":0,"texture":"#1"}},"rotation":{"origin":[8.0,10.19344,8.46853],"angle":-22.5,"axis":"x"}},{"from":[7.0,4.5,7.0097303],"to":[9.0,11.5,9.00973],"faces":{"east":{"uv":[2.0,0.0,3.0,3.5],"tintindex":0,"rotation":0,"texture":"#1"},"south":{"uv":[3.0,0.0,4.0,3.5],"tintindex":0,"rotation":0,"texture":"#1"},"north":{"uv":[1.0,0.0,2.0,3.5],"tintindex":0,"rotation":0,"texture":"#1"},"west":{"uv":[1.0,3.5,2.0,7.0],"tintindex":0,"rotation":0,"texture":"#1"},"up":{"uv":[9.0,2.5,8.0,1.5],"tintindex":0,"rotation":0,"texture":"#1"},"down":{"uv":[9.0,2.5,8.0,3.5],"tintindex":0,"rotation":0,"texture":"#1"}}},{"from":[8.0,-0.5,11.50973],"to":[8.0,16.5,12.50973],"faces":{"east":{"uv":[0.0,0.0,0.5,8.5],"tintindex":0,"rotation":0,"texture":"#1"},"west":{"uv":[0.5,0.0,1.0,8.5],"tintindex":0,"rotation":0,"texture":"#1"}}},{"from":[7.0,2.56777,8.6417],"to":[9.0,3.56777,11.6417],"faces":{"east":{"uv":[9.0,0.5,10.5,1.0],"tintindex":0,"rotation":0,"texture":"#1"},"south":{"uv":[9.0,2.5,10.0,3.0],"tintindex":0,"rotation":0,"texture":"#1"},"north":{"uv":[9.0,2.0,10.0,2.5],"tintindex":0,"rotation":0,"texture":"#1"},"west":{"uv":[9.0,1.0,10.5,1.5],"tintindex":0,"rotation":0,"texture":"#1"},"up":{"uv":[8.0,9.0,7.0,7.5],"tintindex":0,"rotation":0,"texture":"#1"},"down":{"uv":[9.0,0.0,8.0,1.5],"tintindex":0,"rotation":0,"texture":"#1"}},"rotation":{"origin":[8.0,-3.43223,4.6417],"angle":22.5,"axis":"x"}},{"from":[7.0,0.56777,5.6417],"to":[9.0,2.56777,11.6417],"faces":{"east":{"uv":[4.0,1.0,7.0,2.0],"tintindex":0,"rotation":0,"texture":"#1"},"south":{"uv":[8.0,7.5,9.0,8.5],"tintindex":0,"rotation":0,"texture":"#1"},"north":{"uv":[8.0,6.5,9.0,7.5],"tintindex":0,"rotation":0,"texture":"#1"},"west":{"uv":[4.0,2.0,7.0,3.0],"tintindex":0,"rotation":0,"texture":"#1"},"up":{"uv":[5.0,7.5,4.0,4.5],"tintindex":0,"rotation":0,"texture":"#1"},"down":{"uv":[6.0,3.0,5.0,6.0],"tintindex":0,"rotation":0,"texture":"#1"}},"rotation":{"origin":[8.0,-3.43223,4.6417],"angle":22.5,"axis":"x"}}],"display":{"gui":{"rotation":[-150.0,-45.0,180.0]}}}