{"textures":{"0":"modelengine:entity/wariorr_hm5","particle":"#0"},"elements":[{"from":[4.75,-2.25,5.75],"to":[8.25,10.25,10.25],"faces":{"east":{"uv":[12.0,13.0,13.0,16.0],"tintindex":0,"rotation":0,"texture":"#0"},"south":{"uv":[14.75,13.0,15.5,16.0],"tintindex":0,"rotation":0,"texture":"#0"},"north":{"uv":[13.0,13.0,13.75,16.0],"tintindex":0,"rotation":0,"texture":"#0"},"west":{"uv":[13.75,13.0,14.75,16.0],"tintindex":0,"rotation":0,"texture":"#0"},"up":{"uv":[13.75,13.0,13.0,12.0],"tintindex":0,"rotation":0,"texture":"#0"},"down":{"uv":[14.5,12.0,13.75,13.0],"tintindex":0,"rotation":0,"texture":"#0"}}},{"from":[5.0,-2.0,6.0],"to":[8.0,10.0,10.0],"faces":{"east":{"uv":[8.0,13.0,9.0,16.0],"tintindex":0,"rotation":0,"texture":"#0"},"south":{"uv":[10.75,13.0,11.5,16.0],"tintindex":0,"rotation":0,"texture":"#0"},"north":{"uv":[9.0,13.0,9.75,16.0],"tintindex":0,"rotation":0,"texture":"#0"},"west":{"uv":[9.75,13.0,10.75,16.0],"tintindex":0,"rotation":0,"texture":"#0"},"up":{"uv":[9.75,13.0,9.0,12.0],"tintindex":0,"rotation":0,"texture":"#0"},"down":{"uv":[10.5,12.0,9.75,13.0],"tintindex":0,"rotation":0,"texture":"#0"}}}],"display":{"gui":{"rotation":[-150.0,-45.0,180.0]}}}