{"textures":{"0":"modelengine:entity/axe","particle":"#0"},"elements":[{"from":[6.4,14.766669,5.53333],"to":[9.4,18.76667,11.03333],"faces":{"east":{"uv":[3.0,8.0,5.5,10.0],"tintindex":0,"rotation":0,"texture":"#0"},"south":{"uv":[8.5,4.5,10.0,6.5],"tintindex":0,"rotation":0,"texture":"#0"},"north":{"uv":[8.5,2.5,10.0,4.5],"tintindex":0,"rotation":0,"texture":"#0"},"west":{"uv":[5.5,8.0,8.0,10.0],"tintindex":0,"rotation":0,"texture":"#0"},"up":{"uv":[9.5,10.5,8.0,8.0],"tintindex":0,"rotation":0,"texture":"#0"},"down":{"uv":[10.0,0.0,8.5,2.5],"tintindex":0,"rotation":0,"texture":"#0"}}},{"from":[7.1,3.46667,7.48333],"to":[8.7,19.466671,9.08333],"faces":{"east":{"uv":[0.0,8.0,1.0,16.0],"tintindex":0,"rotation":0,"texture":"#0"},"south":{"uv":[1.0,8.0,2.0,16.0],"tintindex":0,"rotation":0,"texture":"#0"},"north":{"uv":[7.5,0.0,8.5,8.0],"tintindex":0,"rotation":0,"texture":"#0"},"west":{"uv":[2.0,8.0,3.0,16.0],"tintindex":0,"rotation":0,"texture":"#0"},"up":{"uv":[9.5,7.5,8.5,6.5],"tintindex":0,"rotation":0,"texture":"#0"},"down":{"uv":[10.5,6.5,9.5,7.5],"tintindex":0,"rotation":0,"texture":"#0"}}},{"from":[7.9,12.766669,1.1333299],"to":[7.9,20.76667,16.133331],"faces":{"east":{"uv":[0.0,0.0,7.5,4.0],"tintindex":0,"rotation":0,"texture":"#0"},"west":{"uv":[0.0,4.0,7.5,8.0],"tintindex":0,"rotation":0,"texture":"#0"}}}],"display":{"gui":{"rotation":[-150.0,-45.0,180.0]}}}