{"textures":{"2":"modelengine:entity/log","particle":"#2"},"elements":[{"from":[4.4,4.4,-6.0],"to":[11.6,11.6,22.0],"faces":{"east":{"uv":[0.0,0.0,7.0,1.75],"tintindex":0,"rotation":0,"texture":"#2"},"south":{"uv":[3.5,5.25,5.25,7.0],"tintindex":0,"rotation":0,"texture":"#2"},"north":{"uv":[3.5,3.5,5.25,5.25],"tintindex":0,"rotation":0,"texture":"#2"},"west":{"uv":[0.0,1.75,7.0,3.5],"tintindex":0,"rotation":0,"texture":"#2"},"up":{"uv":[1.75,10.5,0.0,3.5],"tintindex":0,"rotation":0,"texture":"#2"},"down":{"uv":[3.5,3.5,1.75,10.5],"tintindex":0,"rotation":0,"texture":"#2"}}}],"display":{"gui":{"rotation":[-150.0,-45.0,180.0]}}}