{"textures":{"1":"modelengine:entity/lumberjack","particle":"#1"},"elements":[{"from":[6.75,-2.25,5.75],"to":[10.25,10.25,10.25],"faces":{"east":{"uv":[12.0,5.0,13.0,8.0],"tintindex":0,"rotation":0,"texture":"#1"},"south":{"uv":[14.75,5.0,15.5,8.0],"tintindex":0,"rotation":0,"texture":"#1"},"north":{"uv":[13.0,5.0,13.75,8.0],"tintindex":0,"rotation":0,"texture":"#1"},"west":{"uv":[13.75,5.0,14.75,8.0],"tintindex":0,"rotation":0,"texture":"#1"},"up":{"uv":[13.75,5.0,13.0,4.0],"tintindex":0,"rotation":0,"texture":"#1"},"down":{"uv":[14.5,4.0,13.75,5.0],"tintindex":0,"rotation":0,"texture":"#1"}}},{"from":[7.0,-2.0,6.0],"to":[10.0,10.0,10.0],"faces":{"east":{"uv":[4.0,13.0,5.0,16.0],"tintindex":0,"rotation":0,"texture":"#1"},"south":{"uv":[6.75,13.0,7.5,16.0],"tintindex":0,"rotation":0,"texture":"#1"},"north":{"uv":[5.0,13.0,5.75,16.0],"tintindex":0,"rotation":0,"texture":"#1"},"west":{"uv":[5.75,13.0,6.75,16.0],"tintindex":0,"rotation":0,"texture":"#1"},"up":{"uv":[5.75,13.0,5.0,12.0],"tintindex":0,"rotation":0,"texture":"#1"},"down":{"uv":[6.5,12.0,5.75,13.0],"tintindex":0,"rotation":0,"texture":"#1"}}}],"display":{"gui":{"rotation":[-150.0,-45.0,180.0]}}}