{"textures":{"1":"modelengine:entity/lumberjack","particle":"#1"},"elements":[{"from":[5.75,-4.25,5.75],"to":[10.25,8.25,10.25],"faces":{"east":{"uv":[6.0,9.0,7.0,12.0],"tintindex":0,"rotation":0,"texture":"#1"},"south":{"uv":[9.0,9.0,10.0,12.0],"tintindex":0,"rotation":0,"texture":"#1"},"north":{"uv":[7.0,9.0,8.0,12.0],"tintindex":0,"rotation":0,"texture":"#1"},"west":{"uv":[8.0,9.0,9.0,12.0],"tintindex":0,"rotation":0,"texture":"#1"},"up":{"uv":[8.0,9.0,7.0,8.0],"tintindex":0,"rotation":0,"texture":"#1"},"down":{"uv":[9.0,8.0,8.0,9.0],"tintindex":0,"rotation":0,"texture":"#1"}}},{"from":[6.0,-4.0,6.0],"to":[10.0,8.0,10.0],"faces":{"east":{"uv":[8.0,5.0,9.0,8.0],"tintindex":0,"rotation":0,"texture":"#1"},"south":{"uv":[11.0,5.0,12.0,8.0],"tintindex":0,"rotation":0,"texture":"#1"},"north":{"uv":[9.0,5.0,10.0,8.0],"tintindex":0,"rotation":0,"texture":"#1"},"west":{"uv":[10.0,5.0,11.0,8.0],"tintindex":0,"rotation":0,"texture":"#1"},"up":{"uv":[10.0,5.0,9.0,4.0],"tintindex":0,"rotation":0,"texture":"#1"},"down":{"uv":[11.0,4.0,10.0,5.0],"tintindex":0,"rotation":0,"texture":"#1"}}}],"display":{"gui":{"rotation":[-150.0,-45.0,180.0]}}}